species,replicate,conc,time,total,effect,initial,time
BHC,1,0,3,10,0,10,5/16/2016
BHC,1,0,6,10,0,10,5/16/2016
BHC,1,0,12,10,0,10,5/17/2016
BHC,1,0,24,10,0,10,5/17/2016
BHC,1,0,48,10,0,10,5/18/2016
BHC,1,0,72,10,0,10,5/18/2016
BHC,1,0,96,10,0,10,5/19/2016
BHC,1,50.61,3,10,0,10,5/19/2016
BHC,1,50.61,6,10,0,10,5/20/2016
BHC,1,50.61,12,10,0,10,5/20/2016
BHC,1,50.61,24,10,0,10,5/21/2016
BHC,1,50.61,48,10,0,10,5/21/2016
BHC,1,50.61,72,10,0,10,5/22/2016
BHC,1,50.61,96,10,0,10,5/22/2016
BHC,1,253.3,3,10,0,10,5/23/2016
BHC,1,253.3,6,10,0,10,5/23/2016
BHC,1,253.3,12,10,0,10,5/24/2016
BHC,1,253.3,24,10,3,10,5/24/2016
BHC,1,253.3,48,10,8,10,5/25/2016
BHC,1,253.3,72,10,8,10,5/25/2016
BHC,1,253.3,96,10,9,10,5/26/2016
BHC,1,505.7,3,10,0,10,5/26/2016
BHC,1,505.7,6,10,1,10,5/27/2016
BHC,1,505.7,12,10,7,10,5/27/2016
BHC,1,505.7,24,10,9,10,5/28/2016
BHC,1,505.7,48,10,10,10,5/28/2016
BHC,1,505.7,72,10,10,10,5/29/2016
BHC,1,505.7,96,10,10,10,5/29/2016
BHC,1,756.6,3,10,0,10,5/30/2016
BHC,1,756.6,6,10,9,10,5/30/2016
BHC,1,756.6,12,10,10,10,5/31/2016
BHC,1,756.6,24,10,10,10,5/31/2016
BHC,1,756.6,48,10,10,10,6/1/2016
BHC,1,756.6,72,10,10,10,6/1/2016
BHC,1,756.6,96,10,10,10,6/2/2016
BHC,1,1008,3,10,4,10,6/2/2016
BHC,1,1008,6,10,10,10,6/3/2016
BHC,1,1008,12,10,10,10,6/3/2016
BHC,1,1008,24,10,10,10,6/4/2016
BHC,1,1008,48,10,10,10,6/4/2016
BHC,1,1008,72,10,10,10,6/5/2016
BHC,1,1008,96,10,10,10,6/5/2016
BHC,2,0,3,10,0,10,6/6/2016
BHC,2,0,6,10,0,10,6/6/2016
BHC,2,0,12,10,0,10,6/7/2016
BHC,2,0,24,10,0,10,6/7/2016
BHC,2,0,48,10,0,10,6/8/2016
BHC,2,0,72,10,0,10,6/8/2016
BHC,2,0,96,10,0,10,6/9/2016
BHC,2,50.25,3,10,0,10,6/9/2016
BHC,2,50.25,6,10,0,10,6/10/2016
BHC,2,50.25,12,10,0,10,6/10/2016
BHC,2,50.25,24,10,0,10,6/11/2016
BHC,2,50.25,48,10,0,10,6/11/2016
BHC,2,50.25,72,10,0,10,6/12/2016
BHC,2,50.25,96,10,0,10,6/12/2016
BHC,2,125.5,3,10,0,10,6/13/2016
BHC,2,125.5,6,10,0,10,6/13/2016
BHC,2,125.5,12,10,0,10,6/14/2016
BHC,2,125.5,24,10,0,10,6/14/2016
BHC,2,125.5,48,10,0,10,6/15/2016
BHC,2,125.5,72,10,0,10,6/15/2016
BHC,2,125.5,96,10,0,10,6/16/2016
BHC,2,237,3,10,0,10,6/16/2016
BHC,2,237,6,10,0,10,6/17/2016
BHC,2,237,12,10,0,10,6/17/2016
BHC,2,237,24,10,1,10,6/18/2016
BHC,2,237,48,10,2,10,6/18/2016
BHC,2,237,72,10,3,10,6/19/2016
BHC,2,237,96,10,4,10,6/19/2016
BHC,2,451.5,3,10,0,10,6/20/2016
BHC,2,451.5,6,10,0,10,6/20/2016
BHC,2,451.5,12,10,3,10,6/21/2016
BHC,2,451.5,24,10,9,10,6/21/2016
BHC,2,451.5,48,10,10,10,6/22/2016
BHC,2,451.5,72,10,10,10,6/22/2016
BHC,2,451.5,96,10,10,10,6/23/2016
BHC,2,752.5,3,10,0,10,6/23/2016
BHC,2,752.5,6,10,8,10,6/24/2016
BHC,2,752.5,12,10,10,10,6/24/2016
BHC,2,752.5,24,10,10,10,6/25/2016
BHC,2,752.5,48,10,10,10,6/25/2016
BHC,2,752.5,72,10,10,10,6/26/2016
BHC,2,752.5,96,10,10,10,6/26/2016
BHC,3,0,3,10,0,10,6/27/2016
BHC,3,0,6,10,0,10,6/27/2016
BHC,3,0,12,10,0,10,6/28/2016
BHC,3,0,24,10,0,10,6/28/2016
BHC,3,0,48,10,0,10,6/29/2016
BHC,3,0,72,10,0,10,6/29/2016
BHC,3,0,96,10,0,10,6/30/2016
BHC,3,101.55,3,10,0,10,6/30/2016
BHC,3,101.55,6,10,0,10,7/1/2016
BHC,3,101.55,12,10,0,10,7/1/2016
BHC,3,101.55,24,10,0,10,7/2/2016
BHC,3,101.55,48,10,0,10,7/2/2016
BHC,3,101.55,72,10,0,10,7/3/2016
BHC,3,101.55,96,10,0,10,7/3/2016
BHC,3,203.1,3,10,0,10,7/4/2016
BHC,3,203.1,6,10,0,10,7/4/2016
BHC,3,203.1,12,10,0,10,7/5/2016
BHC,3,203.1,24,10,1,10,7/5/2016
BHC,3,203.1,48,10,3,10,7/6/2016
BHC,3,203.1,72,10,3,10,7/6/2016
BHC,3,203.1,96,10,3,10,7/7/2016
BHC,3,304.65,3,10,0,10,7/7/2016
BHC,3,304.65,6,10,0,10,7/8/2016
BHC,3,304.65,12,10,0,10,7/8/2016
BHC,3,304.65,24,10,2,10,7/9/2016
BHC,3,304.65,48,10,7,10,7/9/2016
BHC,3,304.65,72,10,7,10,7/10/2016
BHC,3,304.65,96,10,7,10,7/10/2016
BHC,3,406.2,3,10,0,10,7/11/2016
BHC,3,406.2,6,10,0,10,7/11/2016
BHC,3,406.2,12,10,2,10,7/12/2016
BHC,3,406.2,24,10,9,10,7/12/2016
BHC,3,406.2,48,10,10,10,7/13/2016
BHC,3,406.2,72,10,10,10,7/13/2016
BHC,3,406.2,96,10,10,10,7/14/2016
BHC,3,812.4,3,10,0,10,7/14/2016
BHC,3,812.4,6,10,10,10,7/15/2016
BHC,3,812.4,12,10,10,10,7/15/2016
BHC,3,812.4,24,10,10,10,7/16/2016
BHC,3,812.4,48,10,10,10,7/16/2016
BHC,3,812.4,72,10,10,10,7/17/2016
BHC,3,812.4,96,10,10,10,7/17/2016
BHC,4,0,3,10,0,10,7/18/2016
BHC,4,0,6,10,0,10,7/18/2016
BHC,4,0,12,10,0,10,7/19/2016
BHC,4,0,24,10,0,10,7/19/2016
BHC,4,0,48,10,0,10,7/20/2016
BHC,4,0,72,10,0,10,7/20/2016
BHC,4,0,96,10,0,10,7/21/2016
BHC,4,101.55,3,10,0,10,7/21/2016
BHC,4,101.55,6,10,0,10,7/22/2016
BHC,4,101.55,12,10,0,10,7/22/2016
BHC,4,101.55,24,10,0,10,7/23/2016
BHC,4,101.55,48,10,0,10,7/23/2016
BHC,4,101.55,72,10,0,10,7/24/2016
BHC,4,101.55,96,10,0,10,7/24/2016
BHC,4,203.1,3,10,0,10,7/25/2016
BHC,4,203.1,6,10,0,10,7/25/2016
BHC,4,203.1,12,10,0,10,7/26/2016
BHC,4,203.1,24,10,0,10,7/26/2016
BHC,4,203.1,48,10,1,10,7/27/2016
BHC,4,203.1,72,10,2,10,7/27/2016
BHC,4,203.1,96,10,2,10,7/28/2016
BHC,4,304.65,3,10,0,10,7/28/2016
BHC,4,304.65,6,10,0,10,7/29/2016
BHC,4,304.65,12,10,0,10,7/29/2016
BHC,4,304.65,24,10,4,10,7/30/2016
BHC,4,304.65,48,10,9,10,7/30/2016
BHC,4,304.65,72,10,9,10,7/31/2016
BHC,4,304.65,96,10,9,10,7/31/2016
BHC,4,406.2,3,10,0,10,8/1/2016
BHC,4,406.2,6,10,0,10,8/1/2016
BHC,4,406.2,12,10,0,10,8/2/2016
BHC,4,406.2,24,10,9,10,8/2/2016
BHC,4,406.2,48,10,10,10,8/3/2016
BHC,4,406.2,72,10,10,10,8/3/2016
BHC,4,406.2,96,10,10,10,8/4/2016
BHC,4,812.4,3,10,0,10,8/4/2016
BHC,4,812.4,6,10,10,10,8/5/2016
BHC,4,812.4,12,10,10,10,8/5/2016
BHC,4,812.4,24,10,10,10,8/6/2016
BHC,4,812.4,48,10,10,10,8/6/2016
BHC,4,812.4,72,10,10,10,8/7/2016
BHC,4,812.4,96,10,10,10,8/7/2016
BHC,5,0,3,10,0,10,8/8/2016
BHC,5,0,6,10,0,10,8/8/2016
BHC,5,0,12,10,0,10,8/9/2016
BHC,5,0,24,10,0,10,8/9/2016
BHC,5,0,48,10,0,10,8/10/2016
BHC,5,0,72,10,0,10,8/10/2016
BHC,5,0,96,10,0,10,8/11/2016
BHC,5,101.55,3,10,0,10,8/11/2016
BHC,5,101.55,6,10,0,10,8/12/2016
BHC,5,101.55,12,10,0,10,8/12/2016
BHC,5,101.55,24,10,0,10,8/13/2016
BHC,5,101.55,48,10,0,10,8/13/2016
BHC,5,101.55,72,10,0,10,8/14/2016
BHC,5,101.55,96,10,0,10,8/14/2016
BHC,5,203.1,3,10,0,10,8/15/2016
BHC,5,203.1,6,10,0,10,8/15/2016
BHC,5,203.1,12,10,0,10,8/16/2016
BHC,5,203.1,24,10,0,10,8/16/2016
BHC,5,203.1,48,10,0,10,8/17/2016
BHC,5,203.1,72,10,0,10,8/17/2016
BHC,5,203.1,96,10,0,10,8/18/2016
BHC,5,304.65,3,10,0,10,8/18/2016
BHC,5,304.65,6,10,0,10,8/19/2016
BHC,5,304.65,12,10,0,10,8/19/2016
BHC,5,304.65,24,10,2,10,8/20/2016
BHC,5,304.65,48,10,4,10,8/20/2016
BHC,5,304.65,72,10,5,10,8/21/2016
BHC,5,304.65,96,10,6,10,8/21/2016
BHC,5,406.2,3,10,0,10,8/22/2016
BHC,5,406.2,6,10,0,10,8/22/2016
BHC,5,406.2,12,10,1,10,8/23/2016
BHC,5,406.2,24,10,8,10,8/23/2016
BHC,5,406.2,48,10,10,10,8/24/2016
BHC,5,406.2,72,10,10,10,8/24/2016
BHC,5,406.2,96,10,10,10,8/25/2016
BHC,5,812.4,3,10,0,10,8/25/2016
BHC,5,812.4,6,10,10,10,8/26/2016
BHC,5,812.4,12,10,10,10,8/26/2016
BHC,5,812.4,24,10,10,10,8/27/2016
BHC,5,812.4,48,10,10,10,8/27/2016
BHC,5,812.4,72,10,10,10,8/28/2016
BHC,5,812.4,96,10,10,10,8/28/2016
BLG,1,0,3,10,0,10,8/29/2016
BLG,1,0,6,10,0,10,8/29/2016
BLG,1,0,12,10,0,10,8/30/2016
BLG,1,0,24,10,0,10,8/30/2016
BLG,1,0,48,10,0,10,8/31/2016
BLG,1,0,72,10,0,10,8/31/2016
BLG,1,0,96,10,0,10,9/1/2016
BLG,1,50,3,10,0,10,9/1/2016
BLG,1,50,6,10,0,10,9/2/2016
BLG,1,50,12,10,0,10,9/2/2016
BLG,1,50,24,10,0,10,9/3/2016
BLG,1,50,48,10,0,10,9/3/2016
BLG,1,50,72,10,0,10,9/4/2016
BLG,1,50,96,10,0,10,9/4/2016
BLG,1,250,3,20,0,20,9/5/2016
BLG,1,250,6,20,0,20,9/5/2016
BLG,1,250,12,20,0,20,9/6/2016
BLG,1,250,24,20,0,20,9/6/2016
BLG,1,250,48,20,8,20,9/7/2016
BLG,1,250,72,20,8,20,9/7/2016
BLG,1,250,96,20,8,20,9/8/2016
BLG,1,500,3,20,0,10,9/8/2016
BLG,1,500,6,10,0,10,9/9/2016
BLG,1,500,12,10,0,10,9/9/2016
BLG,1,500,24,10,2,10,9/10/2016
BLG,1,500,48,10,10,10,9/10/2016
BLG,1,500,72,10,10,10,9/11/2016
BLG,1,500,96,10,10,10,9/11/2016
BLG,1,1000,3,10,0,10,9/12/2016
BLG,1,1000,6,10,0,10,9/12/2016
BLG,1,1000,12,10,0,10,9/13/2016
BLG,1,1000,24,10,6,10,9/13/2016
BLG,1,1000,48,10,10,10,9/14/2016
BLG,1,1000,72,10,10,10,9/14/2016
BLG,1,1000,96,10,10,10,9/15/2016
BLG,2,0,3,10,0,10,9/15/2016
BLG,2,0,6,10,0,10,9/16/2016
BLG,2,0,12,10,0,10,9/16/2016
BLG,2,0,24,10,0,10,9/17/2016
BLG,2,0,48,10,0,10,9/17/2016
BLG,2,0,72,10,0,10,9/18/2016
BLG,2,0,96,10,0,10,9/18/2016
BLG,2,50,3,10,0,10,9/19/2016
BLG,2,50,6,10,0,10,9/19/2016
BLG,2,50,12,10,0,10,9/20/2016
BLG,2,50,24,10,0,10,9/20/2016
BLG,2,50,48,10,0,10,9/21/2016
BLG,2,50,72,10,0,10,9/21/2016
BLG,2,50,96,10,0,10,9/22/2016
BLG,2,250,3,20,0,20,9/22/2016
BLG,2,250,6,20,0,20,9/23/2016
BLG,2,250,12,20,0,20,9/23/2016
BLG,2,250,24,20,0,20,9/24/2016
BLG,2,250,48,20,4,20,9/24/2016
BLG,2,250,72,20,4,20,9/25/2016
BLG,2,250,96,20,5,20,9/25/2016
BLG,2,500,3,10,0,10,9/26/2016
BLG,2,500,6,10,0,10,9/26/2016
BLG,2,500,12,10,0,10,9/27/2016
BLG,2,500,24,10,4,10,9/27/2016
BLG,2,500,48,10,10,10,9/28/2016
BLG,2,500,72,10,10,10,9/28/2016
BLG,2,500,96,10,10,10,9/29/2016
BLG,2,1000,3,10,0,10,9/29/2016
BLG,2,1000,6,10,0,10,9/30/2016
BLG,2,1000,12,10,0,10,9/30/2016
BLG,2,1000,24,10,6,10,10/1/2016
BLG,2,1000,48,10,10,10,10/1/2016
BLG,2,1000,72,10,10,10,10/2/2016
BLG,2,1000,96,10,10,10,10/2/2016
BLG,3,0,3,10,0,10,10/3/2016
BLG,3,0,6,10,0,10,10/3/2016
BLG,3,0,12,10,0,10,10/4/2016
BLG,3,0,24,10,0,10,10/4/2016
BLG,3,0,48,10,4,10,10/5/2016
BLG,3,0,72,10,8,10,10/5/2016
BLG,3,0,96,10,8,10,10/6/2016
BLG,3,200.796,3,10,0,10,10/6/2016
BLG,3,200.796,6,10,0,10,10/7/2016
BLG,3,200.796,12,10,0,10,10/7/2016
BLG,3,200.796,24,10,0,10,10/8/2016
BLG,3,200.796,48,10,4,10,10/8/2016
BLG,3,200.796,72,10,8,10,10/9/2016
BLG,3,200.796,96,10,8,10,10/9/2016
BLG,3,501.99,3,10,0,10,10/10/2016
BLG,3,501.99,6,10,0,10,10/10/2016
BLG,3,501.99,12,10,0,10,10/11/2016
BLG,3,501.99,24,10,0,10,10/11/2016
BLG,3,501.99,48,10,6,10,10/12/2016
BLG,3,501.99,72,10,8,10,10/12/2016
BLG,3,501.99,96,10,8,10,10/13/2016
BLG,3,1003.98,3,10,0,10,10/13/2016
BLG,3,1003.98,6,10,0,10,10/14/2016
BLG,3,1003.98,12,10,0,10,10/14/2016
BLG,3,1003.98,24,10,1,10,10/15/2016
BLG,3,1003.98,48,10,6,10,10/15/2016
BLG,3,1003.98,72,10,9,10,10/16/2016
BLG,3,1003.98,96,10,9,10,10/16/2016
BLG,3,1505.97,3,10,0,10,10/17/2016
BLG,3,1505.97,6,10,0,10,10/17/2016
BLG,3,1505.97,12,10,1,10,10/18/2016
BLG,3,1505.97,24,10,10,10,10/18/2016
BLG,3,1505.97,48,10,10,10,10/19/2016
BLG,3,1505.97,72,10,10,10,10/19/2016
BLG,3,1505.97,96,10,10,10,10/20/2016
BLG,3,1736.4,3,9,0,9,10/20/2016
BLG,3,1736.4,6,9,0,9,10/21/2016
BLG,3,1736.4,12,9,5,9,10/21/2016
BLG,3,1736.4,24,9,9,9,10/22/2016
BLG,3,1736.4,48,9,9,9,10/22/2016
BLG,3,1736.4,72,9,9,9,10/23/2016
BLG,3,1736.4,96,9,9,9,10/23/2016
BLG,4,0,3,10,0,10,10/24/2016
BLG,4,0,6,10,0,10,10/24/2016
BLG,4,0,12,10,0,10,10/25/2016
BLG,4,0,24,10,0,10,10/25/2016
BLG,4,0,48,10,5,10,10/26/2016
BLG,4,0,72,10,8,10,10/26/2016
BLG,4,0,96,10,8,10,10/27/2016
BLG,4,200.796,3,10,0,10,10/27/2016
BLG,4,200.796,6,10,0,10,10/28/2016
BLG,4,200.796,12,10,0,10,10/28/2016
BLG,4,200.796,24,10,0,10,10/29/2016
BLG,4,200.796,48,10,5,10,10/29/2016
BLG,4,200.796,72,10,8,10,10/30/2016
BLG,4,200.796,96,10,8,10,10/30/2016
BLG,4,501.99,3,10,0,10,10/31/2016
BLG,4,501.99,6,10,0,10,10/31/2016
BLG,4,501.99,12,10,0,10,11/1/2016
BLG,4,501.99,24,10,0,10,11/1/2016
BLG,4,501.99,48,10,4,10,11/2/2016
BLG,4,501.99,72,10,6,10,11/2/2016
BLG,4,501.99,96,10,6,10,11/3/2016
BLG,4,1003.98,3,10,0,10,11/3/2016
BLG,4,1003.98,6,10,0,10,11/4/2016
BLG,4,1003.98,12,10,0,10,11/4/2016
BLG,4,1003.98,24,10,0,10,11/5/2016
BLG,4,1003.98,48,10,4,10,11/5/2016
BLG,4,1003.98,72,10,8,10,11/6/2016
BLG,4,1003.98,96,10,8,10,11/6/2016
BLG,4,1505.97,3,10,0,10,11/7/2016
BLG,4,1505.97,6,10,0,10,11/7/2016
BLG,4,1505.97,12,10,5,10,11/8/2016
BLG,4,1505.97,24,10,9,10,11/8/2016
BLG,4,1505.97,48,10,10,10,11/9/2016
BLG,4,1505.97,72,10,10,10,11/9/2016
BLG,4,1505.97,96,10,10,10,11/10/2016
BLG,4,1736.4,3,10,0,10,11/10/2016
BLG,4,1736.4,6,10,0,10,11/11/2016
BLG,4,1736.4,12,10,8,10,11/11/2016
BLG,4,1736.4,24,10,10,10,11/12/2016
BLG,4,1736.4,48,10,10,10,11/12/2016
BLG,4,1736.4,72,10,10,10,11/13/2016
BLG,4,1736.4,96,10,10,10,11/13/2016
BLG,5,0,3,10,0,10,11/14/2016
BLG,5,0,6,10,0,10,11/14/2016
BLG,5,0,12,10,0,10,11/15/2016
BLG,5,0,24,10,0,10,11/15/2016
BLG,5,0,48,10,8,10,11/16/2016
BLG,5,0,72,10,9,10,11/16/2016
BLG,5,0,96,10,9,10,11/17/2016
BLG,5,200.796,3,10,0,10,11/17/2016
BLG,5,200.796,6,10,0,10,11/18/2016
BLG,5,200.796,12,10,0,10,11/18/2016
BLG,5,200.796,24,10,0,10,11/19/2016
BLG,5,200.796,48,10,8,10,11/19/2016
BLG,5,200.796,72,10,9,10,11/20/2016
BLG,5,200.796,96,10,9,10,11/20/2016
BLG,5,501.99,3,10,0,10,11/21/2016
BLG,5,501.99,6,10,0,10,11/21/2016
BLG,5,501.99,12,10,0,10,11/22/2016
BLG,5,501.99,24,10,1,10,11/22/2016
BLG,5,501.99,48,10,4,10,11/23/2016
BLG,5,501.99,72,10,7,10,11/23/2016
BLG,5,501.99,96,10,9,10,11/24/2016
BLG,5,1003.98,3,10,0,10,11/24/2016
BLG,5,1003.98,6,10,0,10,11/25/2016
BLG,5,1003.98,12,10,0,10,11/25/2016
BLG,5,1003.98,24,10,1,10,11/26/2016
BLG,5,1003.98,48,10,4,10,11/26/2016
BLG,5,1003.98,72,10,7,10,11/27/2016
BLG,5,1003.98,96,10,7,10,11/27/2016
BLG,5,1505.97,3,10,0,10,11/28/2016
BLG,5,1505.97,6,10,0,10,11/28/2016
BLG,5,1505.97,12,10,3,10,11/29/2016
BLG,5,1505.97,24,10,9,10,11/29/2016
BLG,5,1505.97,48,10,10,10,11/30/2016
BLG,5,1505.97,72,10,10,10,11/30/2016
BLG,5,1505.97,96,10,10,10,12/1/2016
BLG,5,1736.4,3,10,0,10,12/1/2016
BLG,5,1736.4,6,10,0,10,12/2/2016
BLG,5,1736.4,12,10,7,10,12/2/2016
BLG,5,1736.4,24,10,10,10,12/3/2016
BLG,5,1736.4,48,10,10,10,12/3/2016
BLG,5,1736.4,72,10,10,10,12/4/2016
BLG,5,1736.4,96,10,10,10,12/4/2016
FHM,1,0,3,10,0,10,12/5/2016
FHM,1,0,6,10,0,10,12/5/2016
FHM,1,0,12,10,0,10,12/6/2016
FHM,1,0,24,10,0,10,12/6/2016
FHM,1,0,48,10,0,10,12/7/2016
FHM,1,0,72,10,0,10,12/7/2016
FHM,1,0,96,10,0,10,12/8/2016
FHM,1,50.25,3,10,0,10,12/8/2016
FHM,1,50.25,6,10,0,10,12/9/2016
FHM,1,50.25,12,10,0,10,12/9/2016
FHM,1,50.25,24,10,0,10,12/10/2016
FHM,1,50.25,48,10,0,10,12/10/2016
FHM,1,50.25,72,10,0,10,12/11/2016
FHM,1,50.25,96,10,0,10,12/11/2016
FHM,1,125.5,3,10,0,10,12/12/2016
FHM,1,125.5,6,10,0,10,12/12/2016
FHM,1,125.5,12,10,0,10,12/13/2016
FHM,1,125.5,24,10,2,10,12/13/2016
FHM,1,125.5,48,10,2,10,12/14/2016
FHM,1,125.5,72,10,2,10,12/14/2016
FHM,1,125.5,96,10,2,10,12/15/2016
FHM,1,237,3,10,0,10,12/15/2016
FHM,1,237,6,10,0,10,12/16/2016
FHM,1,237,12,10,0,10,12/16/2016
FHM,1,237,24,10,1,10,12/17/2016
FHM,1,237,48,10,1,10,12/17/2016
FHM,1,237,72,10,1,10,12/18/2016
FHM,1,237,96,10,1,10,12/18/2016
FHM,1,451.5,3,10,0,10,12/19/2016
FHM,1,451.5,6,10,0,10,12/19/2016
FHM,1,451.5,12,10,0,10,12/20/2016
FHM,1,451.5,24,10,1,10,12/20/2016
FHM,1,451.5,48,10,1,10,12/21/2016
FHM,1,451.5,72,10,1,10,12/21/2016
FHM,1,451.5,96,10,1,10,12/22/2016
FHM,1,752.5,3,10,0,10,12/22/2016
FHM,1,752.5,6,10,0,10,12/23/2016
FHM,1,752.5,12,10,3,10,12/23/2016
FHM,1,752.5,24,10,4,10,12/24/2016
FHM,1,752.5,48,10,5,10,12/24/2016
FHM,1,752.5,72,10,5,10,12/25/2016
FHM,1,752.5,96,10,5,10,12/25/2016
FHM,2,0,3,10,0,10,12/26/2016
FHM,2,0,6,10,0,10,12/26/2016
FHM,2,0,12,10,0,10,12/27/2016
FHM,2,0,24,10,0,10,12/27/2016
FHM,2,0,48,10,0,10,12/28/2016
FHM,2,0,72,10,0,10,12/28/2016
FHM,2,0,96,10,0,10,12/29/2016
FHM,2,101.55,3,10,0,10,12/29/2016
FHM,2,101.55,6,10,0,10,12/30/2016
FHM,2,101.55,12,10,0,10,12/30/2016
FHM,2,101.55,24,10,0,10,12/31/2016
FHM,2,101.55,48,10,0,10,12/31/2016
FHM,2,101.55,72,10,0,10,1/1/2017
FHM,2,101.55,96,10,0,10,1/1/2017
FHM,2,304.65,3,10,0,10,1/2/2017
FHM,2,304.65,6,10,0,10,1/2/2017
FHM,2,304.65,12,10,0,10,1/3/2017
FHM,2,304.65,24,10,2,10,1/3/2017
FHM,2,304.65,48,10,3,10,1/4/2017
FHM,2,304.65,72,10,5,10,1/4/2017
FHM,2,304.65,96,10,6,10,1/5/2017
FHM,2,507.75,3,10,0,10,1/5/2017
FHM,2,507.75,6,10,0,10,1/6/2017
FHM,2,507.75,12,10,3,10,1/6/2017
FHM,2,507.75,24,10,3,10,1/7/2017
FHM,2,507.75,48,10,5,10,1/7/2017
FHM,2,507.75,72,10,7,10,1/8/2017
FHM,2,507.75,96,10,7,10,1/8/2017
FHM,2,812.4,3,10,0,10,1/9/2017
FHM,2,812.4,6,10,2,10,1/9/2017
FHM,2,812.4,12,10,10,10,1/10/2017
FHM,2,812.4,24,10,10,10,1/10/2017
FHM,2,812.4,48,10,10,10,1/11/2017
FHM,2,812.4,72,10,10,10,1/11/2017
FHM,2,812.4,96,10,10,10,1/12/2017
FHM,2,1005.2,3,10,0,10,1/12/2017
FHM,2,1005.2,6,10,4,10,1/13/2017
FHM,2,1005.2,12,10,10,10,1/13/2017
FHM,2,1005.2,24,10,10,10,1/14/2017
FHM,2,1005.2,48,10,10,10,1/14/2017
FHM,2,1005.2,72,10,10,10,1/15/2017
FHM,2,1005.2,96,10,10,10,1/15/2017
FHM,3,0,3,10,0,10,1/16/2017
FHM,3,0,6,10,0,10,1/16/2017
FHM,3,0,12,10,0,10,1/17/2017
FHM,3,0,24,10,0,10,1/17/2017
FHM,3,0,48,10,0,10,1/18/2017
FHM,3,0,72,10,0,10,1/18/2017
FHM,3,0,96,10,0,10,1/19/2017
FHM,3,101.55,3,10,0,10,1/19/2017
FHM,3,101.55,6,10,0,10,1/20/2017
FHM,3,101.55,12,10,0,10,1/20/2017
FHM,3,101.55,24,10,0,10,1/21/2017
FHM,3,101.55,48,10,0,10,1/21/2017
FHM,3,101.55,72,10,0,10,1/22/2017
FHM,3,101.55,96,10,0,10,1/22/2017
FHM,3,304.65,3,10,0,10,1/23/2017
FHM,3,304.65,6,10,0,10,1/23/2017
FHM,3,304.65,12,10,0,10,1/24/2017
FHM,3,304.65,24,10,1,10,1/24/2017
FHM,3,304.65,48,10,3,10,1/25/2017
FHM,3,304.65,72,10,5,10,1/25/2017
FHM,3,304.65,96,10,6,10,1/26/2017
FHM,3,507.75,3,10,0,10,1/26/2017
FHM,3,507.75,6,10,0,10,1/27/2017
FHM,3,507.75,12,10,2,10,1/27/2017
FHM,3,507.75,24,10,5,10,1/28/2017
FHM,3,507.75,48,10,5,10,1/28/2017
FHM,3,507.75,72,10,6,10,1/29/2017
FHM,3,507.75,96,10,6,10,1/29/2017
FHM,3,812.4,3,10,0,10,1/30/2017
FHM,3,812.4,6,10,3,10,1/30/2017
FHM,3,812.4,12,10,10,10,1/31/2017
FHM,3,812.4,24,10,10,10,1/31/2017
FHM,3,812.4,48,10,10,10,2/1/2017
FHM,3,812.4,72,10,10,10,2/1/2017
FHM,3,812.4,96,10,10,10,2/2/2017
FHM,3,1005.2,3,10,0,10,2/2/2017
FHM,3,1005.2,6,10,5,10,2/3/2017
FHM,3,1005.2,12,10,10,10,2/3/2017
FHM,3,1005.2,24,10,10,10,2/4/2017
FHM,3,1005.2,48,10,10,10,2/4/2017
FHM,3,1005.2,72,10,10,10,2/5/2017
FHM,3,1005.2,96,10,10,10,2/5/2017
FHM,4,0,3,10,0,10,2/6/2017
FHM,4,0,6,10,0,10,2/6/2017
FHM,4,0,12,10,0,10,2/7/2017
FHM,4,0,24,10,0,10,2/7/2017
FHM,4,0,48,10,0,10,2/8/2017
FHM,4,0,72,10,0,10,2/8/2017
FHM,4,0,96,10,0,10,2/9/2017
FHM,4,101.55,3,10,0,10,2/9/2017
FHM,4,101.55,6,10,0,10,2/10/2017
FHM,4,101.55,12,10,0,10,2/10/2017
FHM,4,101.55,24,10,0,10,2/11/2017
FHM,4,101.55,48,10,0,10,2/11/2017
FHM,4,101.55,72,10,0,10,2/12/2017
FHM,4,101.55,96,10,0,10,2/12/2017
FHM,4,304.65,3,10,0,10,2/13/2017
FHM,4,304.65,6,10,0,10,2/13/2017
FHM,4,304.65,12,10,0,10,2/14/2017
FHM,4,304.65,24,10,0,10,2/14/2017
FHM,4,304.65,48,10,1,10,2/15/2017
FHM,4,304.65,72,10,1,10,2/15/2017
FHM,4,304.65,96,10,1,10,2/16/2017
FHM,4,507.75,3,10,0,10,2/16/2017
FHM,4,507.75,6,10,0,10,2/17/2017
FHM,4,507.75,12,10,1,10,2/17/2017
FHM,4,507.75,24,10,2,10,2/18/2017
FHM,4,507.75,48,10,3,10,2/18/2017
FHM,4,507.75,72,10,7,10,2/19/2017
FHM,4,507.75,96,10,7,10,2/19/2017
FHM,4,812.4,3,10,0,10,2/20/2017
FHM,4,812.4,6,10,5,10,2/20/2017
FHM,4,812.4,12,10,10,10,2/21/2017
FHM,4,812.4,24,10,10,10,2/21/2017
FHM,4,812.4,48,10,10,10,2/22/2017
FHM,4,812.4,72,10,10,10,2/22/2017
FHM,4,812.4,96,10,10,10,2/23/2017
FHM,4,1005.2,3,11,0,11,2/23/2017
FHM,4,1005.2,6,11,8,11,2/24/2017
FHM,4,1005.2,12,11,11,11,2/24/2017
FHM,4,1005.2,24,11,11,11,2/25/2017
FHM,4,1005.2,48,11,11,11,2/25/2017
FHM,4,1005.2,72,11,11,11,2/26/2017
FHM,4,1005.2,96,11,11,11,2/26/2017
RBT,1,0,3,10,0,10,2/27/2017
RBT,1,0,6,10,0,10,2/27/2017
RBT,1,0,12,10,0,10,2/28/2017
RBT,1,0,24,10,0,10,2/28/2017
RBT,1,0,48,10,0,10,3/1/2017
RBT,1,0,72,10,0,10,3/1/2017
RBT,1,0,96,10,0,10,3/2/2017
RBT,1,7.5,3,10,0,10,3/2/2017
RBT,1,7.5,6,10,0,10,3/3/2017
RBT,1,7.5,12,10,0,10,3/3/2017
RBT,1,7.5,24,10,0,10,3/4/2017
RBT,1,7.5,48,10,0,10,3/4/2017
RBT,1,7.5,72,10,0,10,3/5/2017
RBT,1,7.5,96,10,0,10,3/5/2017
RBT,1,75,3,9,0,9,3/6/2017
RBT,1,75,6,9,0,9,3/6/2017
RBT,1,75,12,9,0,9,3/7/2017
RBT,1,75,24,9,0,9,3/7/2017
RBT,1,75,48,9,0,9,3/8/2017
RBT,1,75,72,9,0,9,3/8/2017
RBT,1,75,96,9,0,9,3/9/2017
RBT,1,750,3,10,0,10,3/9/2017
RBT,1,750,6,10,0,10,3/10/2017
RBT,1,750,12,10,9,10,3/10/2017
RBT,1,750,24,10,10,10,3/11/2017
RBT,1,750,48,10,10,10,3/11/2017
RBT,1,750,72,10,10,10,3/12/2017
RBT,1,750,96,10,10,10,3/12/2017
RBT,1,1500,3,10,0,10,3/13/2017
RBT,1,1500,6,10,0,10,3/13/2017
RBT,1,1500,12,10,9,10,3/14/2017
RBT,1,1500,24,10,10,10,3/14/2017
RBT,1,1500,48,10,10,10,3/15/2017
RBT,1,1500,72,10,10,10,3/15/2017
RBT,1,1500,96,10,10,10,3/16/2017
RBT,1,3000,3,10,0,10,3/16/2017
RBT,1,3000,6,10,0,10,3/17/2017
RBT,1,3000,12,10,9,10,3/17/2017
RBT,1,3000,24,10,10,10,3/18/2017
RBT,1,3000,48,10,10,10,3/18/2017
RBT,1,3000,72,10,10,10,3/19/2017
RBT,1,3000,96,10,10,10,3/19/2017
RBT,2,0,3,10,0,10,3/20/2017
RBT,2,0,6,10,0,10,3/20/2017
RBT,2,0,12,10,0,10,3/21/2017
RBT,2,0,24,10,0,10,3/21/2017
RBT,2,0,48,10,0,10,3/22/2017
RBT,2,0,72,10,0,10,3/22/2017
RBT,2,0,96,10,0,10,3/23/2017
RBT,2,50,3,10,0,10,3/23/2017
RBT,2,50,6,10,0,10,3/24/2017
RBT,2,50,12,10,0,10,3/24/2017
RBT,2,50,24,10,0,10,3/25/2017
RBT,2,50,48,10,0,10,3/25/2017
RBT,2,50,72,10,0,10,3/26/2017
RBT,2,50,96,10,0,10,3/26/2017
RBT,2,250,3,20,0,20,3/27/2017
RBT,2,250,6,20,0,20,3/27/2017
RBT,2,250,12,20,0,20,3/28/2017
RBT,2,250,24,20,12,20,3/28/2017
RBT,2,250,48,20,20,20,3/29/2017
RBT,2,250,72,20,20,20,3/29/2017
RBT,2,250,96,20,20,20,3/30/2017
RBT,2,500,3,10,0,10,3/30/2017
RBT,2,500,6,10,0,10,3/31/2017
RBT,2,500,12,10,1,10,3/31/2017
RBT,2,500,24,10,9,10,4/1/2017
RBT,2,500,48,10,10,10,4/1/2017
RBT,2,500,72,10,10,10,4/2/2017
RBT,2,500,96,10,10,10,4/2/2017
RBT,2,1000,3,10,0,10,4/3/2017
RBT,2,1000,6,10,2,10,4/3/2017
RBT,2,1000,12,10,9,10,4/4/2017
RBT,2,1000,24,10,10,10,4/4/2017
RBT,2,1000,48,10,10,10,4/5/2017
RBT,2,1000,72,10,10,10,4/5/2017
RBT,2,1000,96,10,10,10,4/6/2017
RBT,3,0,3,10,0,10,4/6/2017
RBT,3,0,6,10,0,10,4/7/2017
RBT,3,0,12,10,0,10,4/7/2017
RBT,3,0,24,10,0,10,4/8/2017
RBT,3,0,48,10,0,10,4/8/2017
RBT,3,0,72,10,0,10,4/9/2017
RBT,3,0,96,10,0,10,4/9/2017
RBT,3,75.576,3,10,0,10,4/10/2017
RBT,3,75.576,6,10,0,10,4/10/2017
RBT,3,75.576,12,10,0,10,4/11/2017
RBT,3,75.576,24,10,0,10,4/11/2017
RBT,3,75.576,48,10,0,10,4/12/2017
RBT,3,75.576,72,10,0,10,4/12/2017
RBT,3,75.576,96,10,0,10,4/13/2017
RBT,3,125.96,3,10,0,10,4/13/2017
RBT,3,125.96,6,10,0,10,4/14/2017
RBT,3,125.96,12,10,0,10,4/14/2017
RBT,3,125.96,24,10,0,10,4/15/2017
RBT,3,125.96,48,10,1,10,4/15/2017
RBT,3,125.96,72,10,1,10,4/16/2017
RBT,3,125.96,96,10,1,10,4/16/2017
RBT,3,201.54,3,9,0,9,4/17/2017
RBT,3,201.54,6,9,0,9,4/17/2017
RBT,3,201.54,12,9,0,9,4/18/2017
RBT,3,201.54,24,9,1,9,4/18/2017
RBT,3,201.54,48,9,4,9,4/19/2017
RBT,3,201.54,72,9,4,9,4/19/2017
RBT,3,201.54,96,9,4,9,4/20/2017
RBT,3,327.5,3,10,0,10,4/20/2017
RBT,3,327.5,6,10,0,10,4/21/2017
RBT,3,327.5,12,10,0,10,4/21/2017
RBT,3,327.5,24,10,7,10,4/22/2017
RBT,3,327.5,48,10,8,10,4/22/2017
RBT,3,327.5,72,10,8,10,4/23/2017
RBT,3,327.5,96,10,8,10,4/23/2017
RBT,3,755.76,3,10,0,10,4/24/2017
RBT,3,755.76,6,10,1,10,4/24/2017
RBT,3,755.76,12,10,10,10,4/25/2017
RBT,3,755.76,24,10,10,10,4/25/2017
RBT,3,755.76,48,10,10,10,4/26/2017
RBT,3,755.76,72,10,10,10,4/26/2017
RBT,3,755.76,96,10,10,10,4/27/2017
RBT,4,0,3,9,0,9,4/27/2017
RBT,4,0,6,9,0,9,4/28/2017
RBT,4,0,12,9,0,9,4/28/2017
RBT,4,0,24,9,0,9,4/29/2017
RBT,4,0,48,9,0,9,4/29/2017
RBT,4,0,72,9,0,9,4/30/2017
RBT,4,0,96,9,0,9,4/30/2017
RBT,4,75.576,3,9,0,9,5/1/2017
RBT,4,75.576,6,9,0,9,5/1/2017
RBT,4,75.576,12,9,0,9,5/2/2017
RBT,4,75.576,24,9,0,9,5/2/2017
RBT,4,75.576,48,9,0,9,5/3/2017
RBT,4,75.576,72,9,0,9,5/3/2017
RBT,4,75.576,96,9,0,9,5/4/2017
RBT,4,125.96,3,10,0,10,5/4/2017
RBT,4,125.96,6,10,0,10,5/5/2017
RBT,4,125.96,12,10,0,10,5/5/2017
RBT,4,125.96,24,10,0,10,5/6/2017
RBT,4,125.96,48,10,0,10,5/6/2017
RBT,4,125.96,72,10,0,10,5/7/2017
RBT,4,125.96,96,10,0,10,5/7/2017
RBT,4,201.54,3,9,0,9,5/8/2017
RBT,4,201.54,6,9,0,9,5/8/2017
RBT,4,201.54,12,9,1,9,5/9/2017
RBT,4,201.54,24,9,3,9,5/9/2017
RBT,4,201.54,48,9,7,9,5/10/2017
RBT,4,201.54,72,9,7,9,5/10/2017
RBT,4,201.54,96,9,7,9,5/11/2017
RBT,4,327.5,3,10,0,10,5/11/2017
RBT,4,327.5,6,10,0,10,5/12/2017
RBT,4,327.5,12,10,1,10,5/12/2017
RBT,4,327.5,24,10,10,10,5/13/2017
RBT,4,327.5,48,10,10,10,5/13/2017
RBT,4,327.5,72,10,10,10,5/14/2017
RBT,4,327.5,96,10,10,10,5/14/2017
RBT,4,755.76,3,10,0,10,5/15/2017
RBT,4,755.76,6,10,0,10,5/15/2017
RBT,4,755.76,12,10,10,10,5/16/2017
RBT,4,755.76,24,10,10,10,5/16/2017
RBT,4,755.76,48,10,10,10,5/17/2017
RBT,4,755.76,72,10,10,10,5/17/2017
RBT,4,755.76,96,10,10,10,5/18/2017
RBT,5,0,3,10,0,10,5/18/2017
RBT,5,0,6,10,0,10,5/19/2017
RBT,5,0,12,10,0,10,5/19/2017
RBT,5,0,24,10,0,10,5/20/2017
RBT,5,0,48,10,0,10,5/20/2017
RBT,5,0,72,10,0,10,5/21/2017
RBT,5,0,96,10,0,10,5/21/2017
RBT,5,75.576,3,10,0,10,5/22/2017
RBT,5,75.576,6,10,0,10,5/22/2017
RBT,5,75.576,12,10,0,10,5/23/2017
RBT,5,75.576,24,10,0,10,5/23/2017
RBT,5,75.576,48,10,0,10,5/24/2017
RBT,5,75.576,72,10,0,10,5/24/2017
RBT,5,75.576,96,10,0,10,5/25/2017
RBT,5,125.96,3,10,0,10,5/25/2017
RBT,5,125.96,6,10,0,10,5/26/2017
RBT,5,125.96,12,10,0,10,5/26/2017
RBT,5,125.96,24,10,0,10,5/27/2017
RBT,5,125.96,48,10,0,10,5/27/2017
RBT,5,125.96,72,10,0,10,5/28/2017
RBT,5,125.96,96,10,0,10,5/28/2017
RBT,5,201.54,3,10,0,10,5/29/2017
RBT,5,201.54,6,10,0,10,5/29/2017
RBT,5,201.54,12,10,0,10,5/30/2017
RBT,5,201.54,24,10,5,10,5/30/2017
RBT,5,201.54,48,10,7,10,5/31/2017
RBT,5,201.54,72,10,7,10,5/31/2017
RBT,5,201.54,96,10,7,10,6/1/2017
RBT,5,327.5,3,10,0,10,6/1/2017
RBT,5,327.5,6,10,1,10,6/2/2017
RBT,5,327.5,12,10,8,10,6/2/2017
RBT,5,327.5,24,10,10,10,6/3/2017
RBT,5,327.5,48,10,10,10,6/3/2017
RBT,5,327.5,72,10,10,10,6/4/2017
RBT,5,327.5,96,10,10,10,6/4/2017
RBT,5,755.76,3,10,0,10,6/5/2017
RBT,5,755.76,6,10,3,10,6/5/2017
RBT,5,755.76,12,10,10,10,6/6/2017
RBT,5,755.76,24,10,10,10,6/6/2017
RBT,5,755.76,48,10,10,10,6/7/2017
RBT,5,755.76,72,10,10,10,6/7/2017
RBT,5,755.76,96,10,10,10,6/8/2017
SVC,1,0,3,9,0,9,6/8/2017
SVC,1,0,6,9,0,9,6/9/2017
SVC,1,0,12,9,0,9,6/9/2017
SVC,1,0,24,9,0,9,6/10/2017
SVC,1,0,48,9,0,9,6/10/2017
SVC,1,0,72,9,0,9,6/11/2017
SVC,1,0,96,9,0,9,6/11/2017
SVC,1,50.61,3,9,0,9,6/12/2017
SVC,1,50.61,6,9,0,9,6/12/2017
SVC,1,50.61,12,9,0,9,6/13/2017
SVC,1,50.61,24,9,0,9,6/13/2017
SVC,1,50.61,48,9,0,9,6/14/2017
SVC,1,50.61,72,9,0,9,6/14/2017
SVC,1,50.61,96,9,0,9,6/15/2017
SVC,1,253.3,3,10,0,10,6/15/2017
SVC,1,253.3,6,10,0,10,6/16/2017
SVC,1,253.3,12,10,0,10,6/16/2017
SVC,1,253.3,24,10,0,10,6/17/2017
SVC,1,253.3,48,10,5,10,6/17/2017
SVC,1,253.3,72,10,6,10,6/18/2017
SVC,1,253.3,96,10,6,10,6/18/2017
SVC,1,505.7,3,10,0,10,6/19/2017
SVC,1,505.7,6,10,3,10,6/19/2017
SVC,1,505.7,12,10,5,10,6/20/2017
SVC,1,505.7,24,10,8,10,6/20/2017
SVC,1,505.7,48,10,10,10,6/21/2017
SVC,1,505.7,72,10,10,10,6/21/2017
SVC,1,505.7,96,10,10,10,6/22/2017
SVC,1,756.6,3,10,0,10,6/22/2017
SVC,1,756.6,6,10,9,10,6/23/2017
SVC,1,756.6,12,10,10,10,6/23/2017
SVC,1,756.6,24,10,10,10,6/24/2017
SVC,1,756.6,48,10,10,10,6/24/2017
SVC,1,756.6,72,10,10,10,6/25/2017
SVC,1,756.6,96,10,10,10,6/25/2017
SVC,1,1008,3,10,4,10,6/26/2017
SVC,1,1008,6,10,10,10,6/26/2017
SVC,1,1008,12,10,10,10,6/27/2017
SVC,1,1008,24,10,10,10,6/27/2017
SVC,1,1008,48,10,10,10,6/28/2017
SVC,1,1008,72,10,10,10,6/28/2017
SVC,1,1008,96,10,10,10,6/29/2017
SVC,2,0,3,9,0,9,6/29/2017
SVC,2,0,6,9,0,9,6/30/2017
SVC,2,0,12,9,0,9,6/30/2017
SVC,2,0,24,9,0,9,7/1/2017
SVC,2,0,48,9,0,9,7/1/2017
SVC,2,0,72,9,0,9,7/2/2017
SVC,2,0,96,9,0,9,7/2/2017
SVC,2,50.25,3,9,0,9,7/3/2017
SVC,2,50.25,6,9,0,9,7/3/2017
SVC,2,50.25,12,9,0,9,7/4/2017
SVC,2,50.25,24,9,0,9,7/4/2017
SVC,2,50.25,48,9,0,9,7/5/2017
SVC,2,50.25,72,9,0,9,7/5/2017
SVC,2,50.25,96,9,0,9,7/6/2017
SVC,2,125.6,3,10,0,10,7/6/2017
SVC,2,125.6,6,10,0,10,7/7/2017
SVC,2,125.6,12,10,0,10,7/7/2017
SVC,2,125.6,24,10,0,10,7/8/2017
SVC,2,125.6,48,10,0,10,7/8/2017
SVC,2,125.6,72,10,0,10,7/9/2017
SVC,2,125.6,96,10,0,10,7/9/2017
SVC,2,237,3,10,0,10,7/10/2017
SVC,2,237,6,10,0,10,7/10/2017
SVC,2,237,12,10,0,10,7/11/2017
SVC,2,237,24,10,0,10,7/11/2017
SVC,2,237,48,10,0,10,7/12/2017
SVC,2,237,72,10,0,10,7/12/2017
SVC,2,237,96,10,0,10,7/13/2017
SVC,2,451.5,3,10,0,10,7/13/2017
SVC,2,451.5,6,10,2,10,7/14/2017
SVC,2,451.5,12,10,5,10,7/14/2017
SVC,2,451.5,24,10,8,10,7/15/2017
SVC,2,451.5,48,10,10,10,7/15/2017
SVC,2,451.5,72,10,10,10,7/16/2017
SVC,2,451.5,96,10,10,10,7/16/2017
SVC,2,752.5,3,10,0,10,7/17/2017
SVC,2,752.5,6,10,7,10,7/17/2017
SVC,2,752.5,12,10,7,10,7/18/2017
SVC,2,752.5,24,9,8,9,7/18/2017
SVC,2,752.5,48,9,9,9,7/19/2017
SVC,2,752.5,72,9,9,9,7/19/2017
SVC,2,752.5,96,9,9,9,7/20/2017
SVC,3,0,3,10,0,10,7/20/2017
SVC,3,0,6,10,0,10,7/21/2017
SVC,3,0,12,10,0,10,7/21/2017
SVC,3,0,24,10,0,10,7/22/2017
SVC,3,0,48,10,0,10,7/22/2017
SVC,3,0,72,10,0,10,7/23/2017
SVC,3,0,96,10,0,10,7/23/2017
SVC,3,200.796,3,10,0,10,7/24/2017
SVC,3,200.796,6,10,0,10,7/24/2017
SVC,3,200.796,12,10,0,10,7/25/2017
SVC,3,200.796,24,10,0,10,7/25/2017
SVC,3,200.796,48,10,0,10,7/26/2017
SVC,3,200.796,72,10,0,10,7/26/2017
SVC,3,200.796,96,10,0,10,7/27/2017
SVC,3,301.194,3,10,0,10,7/27/2017
SVC,3,301.194,6,10,0,10,7/28/2017
SVC,3,301.194,12,10,0,10,7/28/2017
SVC,3,301.194,24,10,0,10,7/29/2017
SVC,3,301.194,48,10,0,10,7/29/2017
SVC,3,301.194,72,10,1,10,7/30/2017
SVC,3,301.194,96,10,1,10,7/30/2017
SVC,3,401.592,3,10,0,10,7/31/2017
SVC,3,401.592,6,10,0,10,7/31/2017
SVC,3,401.592,12,10,0,10,8/1/2017
SVC,3,401.592,24,10,0,10,8/1/2017
SVC,3,401.592,48,10,0,10,8/2/2017
SVC,3,401.592,72,10,0,10,8/2/2017
SVC,3,401.592,96,10,0,10,8/3/2017
SVC,3,501.99,3,10,0,10,8/3/2017
SVC,3,501.99,6,10,0,10,8/4/2017
SVC,3,501.99,12,10,0,10,8/4/2017
SVC,3,501.99,24,10,0,10,8/5/2017
SVC,3,501.99,48,10,0,10,8/5/2017
SVC,3,501.99,72,10,0,10,8/6/2017
SVC,3,501.99,96,10,0,10,8/6/2017
SVC,3,803.184,3,10,0,10,8/7/2017
SVC,3,803.184,6,10,2,10,8/7/2017
SVC,3,803.184,12,10,3,10,8/8/2017
SVC,3,803.184,24,10,4,10,8/8/2017
SVC,3,803.184,48,10,5,10,8/9/2017
SVC,3,803.184,72,10,7,10,8/9/2017
SVC,3,803.184,96,10,7,10,8/10/2017
SVC,4,0,3,10,0,10,8/10/2017
SVC,4,0,6,10,0,10,8/11/2017
SVC,4,0,12,10,0,10,8/11/2017
SVC,4,0,24,10,0,10,8/12/2017
SVC,4,0,48,10,0,10,8/12/2017
SVC,4,0,72,10,0,10,8/13/2017
SVC,4,0,96,10,0,10,8/13/2017
SVC,4,200.796,3,10,0,10,8/14/2017
SVC,4,200.796,6,10,0,10,8/14/2017
SVC,4,200.796,12,10,0,10,8/15/2017
SVC,4,200.796,24,10,0,10,8/15/2017
SVC,4,200.796,48,10,0,10,8/16/2017
SVC,4,200.796,72,10,0,10,8/16/2017
SVC,4,200.796,96,10,0,10,8/17/2017
SVC,4,301.194,3,10,0,10,8/17/2017
SVC,4,301.194,6,10,0,10,8/18/2017
SVC,4,301.194,12,10,0,10,8/18/2017
SVC,4,301.194,24,10,0,10,8/19/2017
SVC,4,301.194,48,10,0,10,8/19/2017
SVC,4,301.194,72,10,0,10,8/20/2017
SVC,4,301.194,96,10,0,10,8/20/2017
SVC,4,401.592,3,10,0,10,8/21/2017
SVC,4,401.592,6,10,0,10,8/21/2017
SVC,4,401.592,12,10,0,10,8/22/2017
SVC,4,401.592,24,10,0,10,8/22/2017
SVC,4,401.592,48,10,0,10,8/23/2017
SVC,4,401.592,72,10,0,10,8/23/2017
SVC,4,401.592,96,10,0,10,8/24/2017
SVC,4,501.99,3,11,0,11,8/24/2017
SVC,4,501.99,6,11,0,11,8/25/2017
SVC,4,501.99,12,11,0,11,8/25/2017
SVC,4,501.99,24,11,1,11,8/26/2017
SVC,4,501.99,48,11,1,11,8/26/2017
SVC,4,501.99,72,11,1,11,8/27/2017
SVC,4,501.99,96,11,1,11,8/27/2017
SVC,4,803.184,3,10,0,10,8/28/2017
SVC,4,803.184,6,10,0,10,8/28/2017
SVC,4,803.184,12,10,2,10,8/29/2017
SVC,4,803.184,24,10,4,10,8/29/2017
SVC,4,803.184,48,10,5,10,8/30/2017
SVC,4,803.184,72,10,5,10,8/30/2017
SVC,4,803.184,96,10,5,10,8/31/2017
SVC,5,0,3,9,0,9,8/31/2017
SVC,5,0,6,9,0,9,9/1/2017
SVC,5,0,12,9,0,9,9/1/2017
SVC,5,0,24,9,1,9,9/2/2017
SVC,5,0,48,9,4,9,9/2/2017
SVC,5,0,72,9,5,9,9/3/2017
SVC,5,0,96,9,5,9,9/3/2017
SVC,5,200.796,3,9,0,9,9/4/2017
SVC,5,200.796,6,9,0,9,9/4/2017
SVC,5,200.796,12,9,0,9,9/5/2017
SVC,5,200.796,24,9,1,9,9/5/2017
SVC,5,200.796,48,9,4,9,9/6/2017
SVC,5,200.796,72,9,5,9,9/6/2017
SVC,5,200.796,96,9,5,9,9/7/2017
SVC,5,301.194,3,10,0,10,9/7/2017
SVC,5,301.194,6,10,0,10,9/8/2017
SVC,5,301.194,12,10,0,10,9/8/2017
SVC,5,301.194,24,10,1,10,9/9/2017
SVC,5,301.194,48,10,1,10,9/9/2017
SVC,5,301.194,72,10,1,10,9/10/2017
SVC,5,301.194,96,10,1,10,9/10/2017
SVC,5,401.592,3,10,0,10,9/11/2017
SVC,5,401.592,6,10,0,10,9/11/2017
SVC,5,401.592,12,10,0,10,9/12/2017
SVC,5,401.592,24,10,0,10,9/12/2017
SVC,5,401.592,48,10,0,10,9/13/2017
SVC,5,401.592,72,10,0,10,9/13/2017
SVC,5,401.592,96,10,0,10,9/14/2017
SVC,5,501.99,3,10,0,10,9/14/2017
SVC,5,501.99,6,10,0,10,9/15/2017
SVC,5,501.99,12,10,0,10,9/15/2017
SVC,5,501.99,24,10,2,10,9/16/2017
SVC,5,501.99,48,10,3,10,9/16/2017
SVC,5,501.99,72,10,7,10,9/17/2017
SVC,5,501.99,96,10,7,10,9/17/2017
SVC,5,803.184,3,9,0,9,9/18/2017
SVC,5,803.184,6,9,2,9,9/18/2017
SVC,5,803.184,12,9,4,9,9/19/2017
SVC,5,803.184,24,9,4,9,9/19/2017
SVC,5,803.184,48,9,7,9,9/20/2017
SVC,5,803.184,72,9,7,9,9/20/2017
SVC,5,803.184,96,9,8,9,9/21/2017
SVC,6,0,3,10,0,10,9/21/2017
SVC,6,0,6,10,0,10,9/22/2017
SVC,6,0,12,10,0,10,9/22/2017
SVC,6,0,24,10,0,10,9/23/2017
SVC,6,0,48,10,0,10,9/23/2017
SVC,6,0,72,10,0,10,9/24/2017
SVC,6,0,96,10,0,10,9/24/2017
SVC,6,200.018,3,10,0,10,9/25/2017
SVC,6,200.018,6,10,0,10,9/25/2017
SVC,6,200.018,12,10,0,10,9/26/2017
SVC,6,200.018,24,10,0,10,9/26/2017
SVC,6,200.018,48,10,0,10,9/27/2017
SVC,6,200.018,72,10,0,10,9/27/2017
SVC,6,200.018,96,10,0,10,9/28/2017
SVC,6,400.036,3,10,0,10,9/28/2017
SVC,6,400.036,6,10,0,10,9/29/2017
SVC,6,400.036,12,10,0,10,9/29/2017
SVC,6,400.036,24,10,0,10,9/30/2017
SVC,6,400.036,48,10,0,10,9/30/2017
SVC,6,400.036,72,10,1,10,10/1/2017
SVC,6,400.036,96,10,2,10,10/1/2017
SVC,6,600.054,3,10,0,10,10/2/2017
SVC,6,600.054,6,10,0,10,10/2/2017
SVC,6,600.054,12,10,1,10,10/3/2017
SVC,6,600.054,24,10,2,10,10/3/2017
SVC,6,800.072,3,10,0,10,10/4/2017
SVC,6,800.072,6,10,3,10,10/4/2017
SVC,6,800.072,12,10,9,10,10/5/2017
SVC,6,800.072,24,10,10,10,10/5/2017
SVC,6,800.072,48,10,10,10,10/6/2017
SVC,6,800.072,72,10,10,10,10/6/2017
SVC,6,800.072,96,10,10,10,10/7/2017
SVC,6,1000.09,3,10,0,10,10/7/2017
SVC,6,1000.09,6,10,4,10,10/8/2017
SVC,6,1000.09,12,10,10,10,10/8/2017
SVC,6,1000.09,24,10,10,10,10/9/2017
SVC,6,1000.09,48,10,10,10,10/9/2017
SVC,6,1000.09,72,10,10,10,10/10/2017
SVC,6,1000.09,96,10,10,10,10/10/2017
SVC,7,0,3,10,0,10,10/11/2017
SVC,7,0,6,10,0,10,10/11/2017
SVC,7,0,12,10,0,10,10/12/2017
SVC,7,0,24,10,0,10,10/12/2017
SVC,7,0,48,10,0,10,10/13/2017
SVC,7,0,72,10,0,10,10/13/2017
SVC,7,0,96,10,0,10,10/14/2017
SVC,7,200.018,3,10,0,10,10/14/2017
SVC,7,200.018,6,10,0,10,10/15/2017
SVC,7,200.018,12,10,0,10,10/15/2017
SVC,7,200.018,24,10,0,10,10/16/2017
SVC,7,200.018,48,10,0,10,10/16/2017
SVC,7,200.018,72,10,0,10,10/17/2017
SVC,7,200.018,96,10,0,10,10/17/2017
SVC,7,400.036,3,10,0,10,10/18/2017
SVC,7,400.036,6,10,0,10,10/18/2017
SVC,7,400.036,12,10,0,10,10/19/2017
SVC,7,400.036,24,10,0,10,10/19/2017
SVC,7,400.036,48,10,1,10,10/20/2017
SVC,7,400.036,72,10,6,10,10/20/2017
SVC,7,400.036,96,10,7,10,10/21/2017
SVC,7,600.054,3,8,0,8,10/21/2017
SVC,7,600.054,6,8,0,8,10/22/2017
SVC,7,600.054,12,8,0,8,10/22/2017
SVC,7,600.054,24,8,0,8,10/23/2017
SVC,7,600.054,48,8,6,8,10/23/2017
SVC,7,600.054,72,8,8,8,10/24/2017
SVC,7,600.054,96,8,8,8,10/24/2017
SVC,7,800.072,3,10,0,10,10/25/2017
SVC,7,800.072,6,10,0,10,10/25/2017
SVC,7,800.072,12,10,0,10,10/26/2017
SVC,7,800.072,24,10,1,10,10/26/2017
SVC,7,800.072,48,10,3,10,10/27/2017
SVC,7,800.072,72,10,10,10,10/27/2017
SVC,7,800.072,96,10,10,10,10/28/2017
SVC,7,1000.09,3,10,0,10,10/28/2017
SVC,7,1000.09,6,10,7,10,10/29/2017
SVC,7,1000.09,12,10,10,10,10/29/2017
SVC,7,1000.09,24,10,10,10,10/30/2017
SVC,7,1000.09,48,10,10,10,10/30/2017
SVC,7,1000.09,72,10,10,10,10/31/2017
SVC,7,1000.09,96,10,10,10,10/31/2017
BHC,6,0,3,10,0,10,11/1/2017
BHC,6,0,6,10,0,10,11/1/2017
BHC,6,0,12,10,0,10,11/2/2017
BHC,6,0,24,10,0,10,11/2/2017
BHC,6,0,48,10,0,10,11/3/2017
BHC,6,0,72,10,0,10,11/3/2017
BHC,6,0,96,10,0,10,11/4/2017
BHC,6,101.7,3,10,0,10,11/4/2017
BHC,6,101.7,6,10,0,10,11/5/2017
BHC,6,101.7,12,10,0,10,11/5/2017
BHC,6,101.7,24,10,0,10,11/6/2017
BHC,6,101.7,48,10,0,10,11/6/2017
BHC,6,101.7,72,10,0,10,11/7/2017
BHC,6,101.7,96,10,0,10,11/7/2017
BHC,6,203.4,3,10,0,10,11/8/2017
BHC,6,203.4,6,10,0,10,11/8/2017
BHC,6,203.4,12,10,0,10,11/9/2017
BHC,6,203.4,24,10,0,10,11/9/2017
BHC,6,203.4,48,10,5,10,11/10/2017
BHC,6,203.4,72,10,5,10,11/10/2017
BHC,6,203.4,96,10,5,10,11/11/2017
BHC,6,305.1,3,10,0,10,11/11/2017
BHC,6,305.1,6,10,0,10,11/12/2017
BHC,6,305.1,12,10,3,10,11/12/2017
BHC,6,305.1,24,10,5,10,11/13/2017
BHC,6,305.1,48,10,10,10,11/13/2017
BHC,6,305.1,72,10,10,10,11/14/2017
BHC,6,305.1,96,10,10,10,11/14/2017
BHC,6,406.8,3,10,0,10,11/15/2017
BHC,6,406.8,6,10,1,10,11/15/2017
BHC,6,406.8,12,10,8,10,11/16/2017
BHC,6,406.8,24,10,10,10,11/16/2017
BHC,6,406.8,48,10,10,10,11/17/2017
BHC,6,406.8,72,10,10,10,11/17/2017
BHC,6,406.8,96,10,10,10,11/18/2017
BHC,6,813.6,3,9,0,9,11/18/2017
BHC,6,813.6,6,9,8,9,11/19/2017
BHC,6,813.6,12,9,9,9,11/19/2017
BHC,6,813.6,24,9,9,9,11/20/2017
BHC,6,813.6,48,9,9,9,11/20/2017
BHC,6,813.6,72,9,9,9,11/21/2017
BHC,6,813.6,96,9,9,9,11/21/2017
BHC,7,0,3,10,0,10,11/22/2017
BHC,7,0,6,10,0,10,11/22/2017
BHC,7,0,12,10,0,10,11/23/2017
BHC,7,0,24,10,0,10,11/23/2017
BHC,7,0,48,10,0,10,11/24/2017
BHC,7,0,72,10,0,10,11/24/2017
BHC,7,0,96,10,0,10,11/25/2017
BHC,7,101.7,3,10,0,10,11/25/2017
BHC,7,101.7,6,10,0,10,11/26/2017
BHC,7,101.7,12,10,0,10,11/26/2017
BHC,7,101.7,24,10,0,10,11/27/2017
BHC,7,101.7,48,10,0,10,11/27/2017
BHC,7,101.7,72,10,0,10,11/28/2017
BHC,7,101.7,96,10,0,10,11/28/2017
BHC,7,203.4,3,10,0,10,11/29/2017
BHC,7,203.4,6,10,0,10,11/29/2017
BHC,7,203.4,12,10,0,10,11/30/2017
BHC,7,203.4,24,10,0,10,11/30/2017
BHC,7,203.4,48,10,4,10,12/1/2017
BHC,7,203.4,72,10,4,10,12/1/2017
BHC,7,203.4,96,10,5,10,12/2/2017
BHC,7,305.1,3,10,0,10,12/2/2017
BHC,7,305.1,6,10,0,10,12/3/2017
BHC,7,305.1,12,10,0,10,12/3/2017
BHC,7,305.1,24,10,4,10,12/4/2017
BHC,7,305.1,48,10,9,10,12/4/2017
BHC,7,305.1,72,10,9,10,12/5/2017
BHC,7,305.1,96,10,10,10,12/5/2017
BHC,7,406.8,3,10,0,10,12/6/2017
BHC,7,406.8,6,10,2,10,12/6/2017
BHC,7,406.8,12,10,9,10,12/7/2017
BHC,7,406.8,24,10,10,10,12/7/2017
BHC,7,406.8,48,10,10,10,12/8/2017
BHC,7,406.8,72,10,10,10,12/8/2017
BHC,7,406.8,96,10,10,10,12/9/2017
BHC,7,813.6,3,10,0,10,12/9/2017
BHC,7,813.6,6,10,6,10,12/10/2017
BHC,7,813.6,12,10,10,10,12/10/2017
BHC,7,813.6,24,10,10,10,12/11/2017
BHC,7,813.6,48,10,10,10,12/11/2017
BHC,7,813.6,72,10,10,10,12/12/2017
BHC,7,813.6,96,10,10,10,12/12/2017
BHC,8,0,3,10,0,10,12/13/2017
BHC,8,0,6,10,0,10,12/13/2017
BHC,8,0,12,10,0,10,12/14/2017
BHC,8,0,24,10,0,10,12/14/2017
BHC,8,0,48,10,0,10,12/15/2017
BHC,8,0,72,10,0,10,12/15/2017
BHC,8,0,96,10,0,10,12/16/2017
BHC,8,101.7,3,10,0,10,12/16/2017
BHC,8,101.7,6,10,0,10,12/17/2017
BHC,8,101.7,12,10,0,10,12/17/2017
BHC,8,101.7,24,10,0,10,12/18/2017
BHC,8,101.7,48,10,0,10,12/18/2017
BHC,8,101.7,72,10,0,10,12/19/2017
BHC,8,101.7,96,10,0,10,12/19/2017
BHC,8,203.4,3,10,0,10,12/20/2017
BHC,8,203.4,6,10,0,10,12/20/2017
BHC,8,203.4,12,10,0,10,12/21/2017
BHC,8,203.4,24,10,0,10,12/21/2017
BHC,8,203.4,48,10,6,10,12/22/2017
BHC,8,203.4,72,10,6,10,12/22/2017
BHC,8,203.4,96,10,7,10,12/23/2017
BHC,8,305.1,3,10,0,10,12/23/2017
BHC,8,305.1,6,10,0,10,12/24/2017
BHC,8,305.1,12,10,0,10,12/24/2017
BHC,8,305.1,24,10,3,10,12/25/2017
BHC,8,305.1,48,10,10,10,12/25/2017
BHC,8,305.1,72,10,10,10,12/26/2017
BHC,8,305.1,96,10,10,10,12/26/2017
BHC,8,406.8,3,10,0,10,12/27/2017
BHC,8,406.8,6,10,3,10,12/27/2017
BHC,8,406.8,12,10,9,10,12/28/2017
BHC,8,406.8,24,10,10,10,12/28/2017
BHC,8,406.8,48,10,10,10,12/29/2017
BHC,8,406.8,72,10,10,10,12/29/2017
BHC,8,406.8,96,10,10,10,12/30/2017
BHC,8,813.6,3,10,0,10,12/30/2017
BHC,8,813.6,6,10,9,10,12/31/2017
BHC,8,813.6,12,10,10,10,12/31/2017
BHC,8,813.6,24,10,10,10,1/1/2018
BHC,8,813.6,48,10,10,10,1/1/2018
BHC,8,813.6,72,10,10,10,1/2/2018
BHC,8,813.6,96,10,10,10,1/2/2018
